<?xml version="1.0" encoding="UTF-8"?>
<beans:beans xmlns="http://www.springframework.org/schema/mvc"
	xmlns:xsi="http://www.w3.org/2001/XMLSchema-instance"
	xmlns:beans="http://www.springframework.org/schema/beans"
	xmlns:context="http://www.springframework.org/schema/context"
	xsi:schemaLocation="http://www.springframework.org/schema/mvc https://www.springframework.org/schema/mvc/spring-mvc.xsd
		http://www.springframework.org/schema/beans https://www.springframework.org/schema/beans/spring-beans.xsd
		http://www.springframework.org/schema/context https://www.springframework.org/schema/context/spring-context.xsd">

	<!-- 어노테이션 설정 -->
	<context:annotation-config />

	<!-- Enables the Spring MVC @Controller programming model -->
	<annotation-driven />


	<!-- mapping으로 요청이 들어오면 location에서 찾아라 -->
	<!-- 아래 경로의 파일에 접근 할 수 있게 해줌 -->
	<resources mapping="/resources/**" location="/resources/" />
	<resources mapping="/uploadStorage/**" location="/uploadStorage/" />
	<resources mapping="/graph/**" location="/graph/" />

	<!-- 타일즈(tiles) 설정 -->
	<beans:bean id="tilesConfigurer"
		class="org.springframework.web.servlet.view.tiles3.TilesConfigurer">
		<beans:property name="definitions">
			<beans:list>
				<beans:value>/WEB-INF/tiles/tiles-setting.xml</beans:value>
			</beans:list>
		</beans:property>
	</beans:bean>

	<!-- tiles.xml에서 먼저 찾고 없으면 .jsp파일에서 찾기-->
	<beans:bean id="tilesViewResolver"
		class="org.springframework.web.servlet.view.UrlBasedViewResolver">
		<beans:property name="viewClass"
			value="org.springframework.web.servlet.view.tiles3.TilesView" />
		<beans:property name="order" value="1" /> <!-- 우선순위설정 -->
	</beans:bean>

	<beans:bean id="viewResolver"
		class="org.springframework.web.servlet.view.InternalResourceViewResolver">
		<beans:property name="prefix" value="/WEB-INF/views/" />
		<beans:property name="suffix" value=".jsp" />
		<beans:property name="order" value="2" />
	</beans:bean>
	
		<!-- 첨부파일을 위한 설정 -->
	<beans:bean id="multipartResolver"
		class="org.springframework.web.multipart.commons.CommonsMultipartResolver">
		<beans:property name="defaultEncoding" value="UTF -8" />
		<beans:property name="maxUploadSize" value="5242880" />
	</beans:bean>
	
	<context:component-scan base-package="com.thecar.**.**.**" />
	
	
	
</beans:beans>
